year_montht,total_amount
Jul-21,430
Jun-21,913.4256086
May-21,114.7542148
Mar-21,97.30185939
Apr-21,2.93672438
